﻿pos_x,pos_y,rotation,side,designator,mpn,pack,footprint,value,mount_type
158.275,-85.0,0.0,top,C1,,,C_0603_1608Metric,10uF,smt
158.475,-91.25,0.0,top,C2,,,C_0603_1608Metric,100nF,smt
140.25,-94.775,90.0,top,C3,,,C_1206_3216Metric,1pF,smt
126.82,-67.75,0.0,top,J1,,,USB_C_Receptacle_GCT_USB4125-xx-x-0190_6P_TopMnt_Horizontal,USB_C_Receptacle_PowerOnly_6P,smt
148.425,-87.0,180.0,top,R1,,,R_0603_1608Metric,4.7k,smt
153.0,-86.5,0.0,top,R2,,,R_0603_1608Metric,4.7k,smt
126.0,-58.75,90.0,top,R3,,,R_0603_1608Metric,5.1k,smt
132.25,-58.75,90.0,top,R4,,,R_0603_1608Metric,5.1k,smt
150.3625,-92.075,0.0,top,U1,,,TSSOP-16_4.4x5mm_P0.65mm,AD7745,smt
125.825,-85.405,0.0,top,U2,,,SOT-223-3_TabPin2,AMS1117-3.3,smt
