﻿Designator,Quantity,Value,Footprint,Package,MPN,DNP,Mount_Type,Description
C1,1,10uF,C_0603_1608Metric,,,,smt,Unpolarized capacitor
C2,1,100nF,C_0603_1608Metric,,,,smt,Unpolarized capacitor
C3,1,1pF,C_1206_3216Metric,,,,smt,Polarized capacitor
J1,1,USB_C_Receptacle_PowerOnly_6P,USB_C_Receptacle_GCT_USB4125-xx-x-0190_6P_TopMnt_Horizontal,,,,smt,USB Power-Only 6P Type-C Receptacle connector
"R1, R2",2,4.7k,R_0603_1608Metric,,,,smt,Resistor
"R3, R4",2,5.1k,R_0603_1608Metric,,,,smt,Resistor
U1,1,AD7745,TSSOP-16_4.4x5mm_P0.65mm,,,,smt,"24-bit capacitance-to-digital converter with temperature sensor, TSSOP-16"
U2,1,AMS1117-3.3,SOT-223-3_TabPin2,,,,smt,"1A Low Dropout regulator, positive, 3.3V fixed output, SOT-223"
